{
	"Models":{
		"Main":{
			"$async":true,
		    "type": "object",
		    "additionalProperties": false,
		    "properties": {
		        "name":{
		        	"type":"string"
				},
				"CreateAt":{
					"type":"string"
				}
		    },
		    "required" : ["name"]
		},
		"Assistant":{
			"$async":true,
		    "type": "object",
		    "additionalProperties": false,
		    "properties": {
		        "name":{
		        	"type":"string"
				}
		    },
		    "required" : ["name"]
		},
		"User":{
			"$async":true,
		    "type": "object",
		    "additionalProperties": false,
		    "properties": {
		        "username" : {
		            "type": "string"
				},
				"file":{
					"type":"string"
				},
		        "firstName":{
		            "type":"string"
				},
				"phoneNumber":{
					"type":"string"
				},
		        "lastName":{
		        	"type":"string"
				},
				"name":{
					"type":"string"
				},
				"Usertype":{
					"type":"string",
					"enum":[
						"app",
						"admin",
						"both",
						"superadmin"
					]
				}
		    },
		    "required" : ["name"]
		},
		"Role":{
			"$async":true,
		    "type": "object",
		    "additionalProperties": false,
		    "properties": {
		        "name" : {
		            "type": "string"
		        },
		        "description":{
		            "type":"string"
		        }
		    },
		    "required" : ["name"]
		},
		"Permissions":{
			"$async":true,
		    "type": "object",
		    "additionalProperties": false,
		    "properties": {
				"name":{
					"type":"string"
				},
		        "model":{
					"type":"string"
				},
				"value":{
					"type":"string"
				},
				"CRUD":{
					"type":"string"
				}
		    },
		    "required" : ["name"]
		},
		"Device":{
			"$async":true,
		    "type": "object",
		    "additionalProperties": false,
		    "properties": {
				"id": {"type":"string"},
				"name": {"type":"string"},
				"description": {"type":"string"},
				"externalId": {"type":"string"},
				"nfcCardId": {"type":"string"},
				"location": {"type":"string"},
				"token": {"type":"string"},
				"tokenActive": {"type":"boolean"}
		    },
		    "required" : ["name"]
		},
		"DeviceGroup":{
			"$async":true,
		    "type": "object",
		    "additionalProperties": false,
		    "properties": {
				"externalId": {"type":"string"},
				"name": {"type":"string"},
				"description": {"type":"string"},
				"email": {"type":"string"}
		    },
		    "required" : ["name"]
		},
		"Lock":{
			"$async":true,
		    "type": "object",
		    "additionalProperties": false,
		    "properties": {
				"name": {"type":"string"},
				"description": {"type":"string"},
				"cylinderId": {"type":"string"},
				"location":{"type":"string"},
				"category":{"type":"string"},
				"file":{"type":"string"},
				"bluetoothId":{"type":"string"},
				"pit_id":{"type":"string"}
		    },
		    "required" : ["name"]
		},
		"LockGroup":{
			"$async":true,
		    "type": "object",
		    "additionalProperties": false,
		    "properties": {
		        "name" : {
		            "type": "string"
				},
				"file":{
					"type":"string"
				},
				"color":{
					"type":"string"
				},
		        "description":{
		            "type":"string"
				},
				"Image":{"type":"string"}
		    },
		    "required" : ["name"]
		},
		"Group":{
			"$async":true,
		    "type": "object",
		    "additionalProperties": false,
		    "properties": {
		        "name" : {
		            "type": "string"
		        },
		        "description":{
		            "type":"string"
				},
				"begintime":{
					"type":"number"
				},
				"endtime":{
					"type":"number"
				}
		    },
		    "required" : ["name"]
		}
	},
	"Relationships":{
		"User":{
			"relate":["User","Role","Group","DeviceGroup","Permissions","Device","Lock","Assistant"],
			"relation":":access",
			"value":{
				"$async":true,
			    "type": "object",
			    "additionalProperties": false,
			    "properties":{
			    	"CreatedBy":{
			    		"type":"string"
					},
					"CreatedAt":{
						"type":"string"
					}
			    }
			},
			"query":{
				"Group":"LockRefresh",
				"User":"LockRefresh"
			}
		},
		"Assistant":{
			"relate":["LockGroup","Lock"],
			"relation":":access",
			"value":{
				"$async":true,
				"type": "object",
				"properties":{
					"begintime":{
						"type":"number"
					},
					"endtime":{
						"type":"number"
					}
				}
			},
			"query":{
				"LockGroup":"LockRefresh",
				"Lock":"LockRefresh"
			}
		},
		"Main":{
			"relate":["Permissions","Main"],
			"relation":":access",
			"value":{
				"$async":true,
				"type": "object",
			    "additionalProperties": false,
			    "properties":{
			    	"CreatedBy":{
			    		"type":"string"
					},
					"CreatedAt":{
						"type":"string"
					}
			    }
			},
			"query":{}
		},
		"Group":{
			"relate":["Permissions","Main","LockGroup","Role","Lock"],
			"relation":":access",
			"value":{
				"$async":true,
				"type": "object",
			    "additionalProperties": false,
			    "properties":{
			    	"CreatedBy":{
			    		"type":"string"
					},
					"CreatedAt":{
						"type":"string"
					}
			    }
			},
			"query":{
				"LockGroup":"LockRefresh"
			}
		},
		"Role":{
			"relate":["Permissions","Main"],
			"relation":":access",
			"value":{
				"$async":true,
				"type": "object",
			    "additionalProperties": false,
			    "properties":{
			    	"CreatedBy":{
			    		"type":"string"
					},
					"CreatedAt":{
						"type":"string"
					}
			    }
			}
		},
		"Lock":{
			"relate":[""],
			"relation":":connected",
			"value":{
				"$async":true,
			    "type": "object",
			    "additionalProperties": false,
			    "properties":{
					"CreatedBy":{
						"type":"string"
					},
					"CreatedAt":{
						"type":"string"
					}
				}
			}
		},
		"DeviceGroup":{
			"relate":["Device"],
			"relation":":connected",
			"value":{
				"$async":true,
			    "type": "object",
			    "additionalProperties": false,
			    "properties":{
					"CreatedBy":{
						"type":"string"
					},
					"CreatedAt":{
						"type":"string"
					}
				}
			}
		},
		"LockGroup":{
			"relate":["Lock","LockGroup"],
			"relation":":connected",
			"value":{
				"$async":true,
			    "type": "object",
			    "additionalProperties": false,
			    "properties":{
					"CreatedBy":{
						"type":"string"
					},
					"CreatedAt":{
						"type":"string"
					}
				}
			},
			"query":{
				"Lock":"LockRefresh",
				"LockGroup":"LockRefresh"
			}
		},
		"Device":{
			"relate":[""],
			"relation":":connected",
			"value":{
				"$async":true,
			    "type": "object",
			    "additionalProperties": false,
			    "properties":{
					"CreatedBy":{
						"type":"string"
					},
					"CreatedAt":{
						"type":"string"
					}
				}
			}
		}
	}
}